	지점명	아파트명	주소	준공년월	세대	가격	latitude	longitude	s_latitude	s_longitude	distance
0	스타벅스 대구영대병원역DT점	영광비젼파크아파트	대구 남구 봉덕로11길 14-4				35.8455285	128.596193	35.8454732	128.5935246	0.24113926577460507
1	스타벅스 오산갈곶DT점	원동삼환나우빌아파트	경기 오산시 경기대로 99-15	1996.11	1168.0	"매매가13,500 - 16,500 (만원)
전세가12,000 - 15,000 (만원)"	37.13286799999999	127.0708067	37.1290776	127.0712245	0.4222940269367915
2	스타벅스 대구칠성DT점	칠성동삼성아파트	대구 북구 호암로 40	1995.11	624.0	"매매가21,500 - 37,000 (만원)
전세가17,000 - 30,000 (만원)"	35.8816405	128.5944278	35.879674	128.5963911	0.28113979921879834
3	스타벅스 평택서정DT점	동산아파트	경기 평택시 특구로27번길 46	1989.1	520.0	"매매가10,500 - 14,500 (만원)
전세가6,000 - 8,500 (만원)"	37.0687929	127.0607779	37.065982	127.063464	0.39291005225795744
4	스타벅스 동서대DT점	주례한일유앤아이아파트	부산 사상구 백양대로 372-15	2005.02	988.0	"매매가18,500 - 43,000 (만원)
전세가17,000 - 32,000 (만원)"	35.15406780000001	129.0098723	35.1507396	129.0096874	0.36962588506747596
5	스타벅스 전주효자DT점	LH세븐팰리스아파트	전북 전주시 완산구 우전로 180	2013.12	560.0	"매매가29,000 - 32,000 (만원)
전세가24,000 - 26,500 (만원)"	35.8132624	127.1011393	35.8058839	127.1110843	1.2157869675071118
6	스타벅스 광주연제DT점	연제대주피오레2차아파트	광주 북구 양일로 52	2007.08	353.0	"매매가23,000 - 26,500 (만원)
전세가20,000 - 21,000 (만원)"	35.1968036	126.8701578	35.2014475	126.8636426	0.7857922867105075
7	스타벅스 대구성서IC DT점	대우월드마크웨스트엔드	대구 달서구 와룡로 169	2010.08	994.0	"매매가66,500 - 109,000 (만원)
전세가45,000 - 70,000 (만원)"	35.848291	128.53592659999998	35.8507998	128.5202604	1.4423177995352698
8	스타벅스 광주지원DT점	광주용산지구리슈빌아파트	광주 동구 용산1길 2	2019.05	820.0	"매매가42,000 - 76,500 (만원)
전세가26,500 - 39,500 (만원)"	35.1208013	126.9322056	35.1183787	126.9333814	0.28935252652271054
9	스타벅스 광주화정DT점	고운하이플러스아파트	광주 서구 화운로99번길 20	2014.04	188.0	"매매가28,000 - 36,300 (만원)
전세가18,000 - 24,000 (만원)"	35.1485756	126.8782329	35.1522047	126.8799969	0.4335237837118893
10	스타벅스 수영망미DT점	망미포스코더샵파크리치아파트	부산 수영구 연수로315번길 16	2007.09	862.0	"매매가40,000 - 71,000 (만원)
전세가28,000 - 48,000 (만원)"	35.173195	129.106528	35.1773864	129.1074676	0.4728212490238742
11	스타벅스 대구침산DT점	오페라삼정그린코아더베스트아파트	대구 북구 침산로 100	2017.1	578.0	"매매가46,500 - 89,000 (만원)
전세가34,000 - 56,000 (만원)"	35.8902141	128.5904713	35.8874784	128.5918376	0.32765532147079673
12	스타벅스 신정DT점	목동힐스테이트아파트	서울 양천구 중앙로36길 15	2016.05	1081.0	"매매가110,000 - 165,000 (만원)
전세가60,000 - 95,000 (만원)"	37.5201132	126.8560477	37.5220098	126.8588745	0.32673406936403543
13	스타벅스 대구도원DT점	도원서한이다음레이크뷰아파트	대구 달서구 상화로58길 35	2015.01	633.0	"매매가27,000 - 42,500 (만원)
전세가22,500 - 31,500 (만원)"	35.8069484	128.5471666	35.8077269	128.5481165	0.12178777616234904
14	스타벅스 김해진영DT점	대한아파트	경남 김해시 진영읍 여래로20번길 64-63	1995.06	100.0	"매매가7,500 - 8,500 (만원)
전세가5,000 - 6,000 (만원)"	35.3051663	128.7308161	35.3058947	128.7313911	0.0962575872220549
15	스타벅스 밀양DT점	밀양삼문지엘리베라움2단지아파트	경남 밀양시 미리벌로3길 11	2016.05	298.0	"매매가17,300 - 25,400 (만원)
전세가13,000 - 17,000 (만원)"	35.482671	128.7448654	35.4853735	128.7512271	0.6505293715596564
16	스타벅스 동래미남DT점	동래효성해링턴플레이스	부산 동래구 아시아드대로255번길 14	2019.06	762.0	"매매가45,000 - 63,000 (만원)
전세가29,500 - 45,500 (만원)"	35.2078246	129.0662239	35.2071981	129.0719709	0.527901029076703
17	스타벅스 양산덕계DT점	양산KCC스위첸아파트	경남 양산시 평산회야로 167	2019.1	553.0	"매매가24,100 - 29,000 (만원)
전세가15,000 - 18,000 (만원)"	35.3737307	129.1466815	35.3759862	129.1556621	0.8535719370329896
18	스타벅스 마산역DT점	동도센트리움아파트	경남 창원시 마산회원구 양덕옛2길 129	2013.02	170.0	"매매가22,500 - 33,000 (만원)
전세가19,000 - 25,000 (만원)"	35.2334717	128.5798168	35.2362004	128.5805449	0.3099051941668886
19	스타벅스 천안성정DT점	계룡리슈빌DS	충남 천안시 서북구 성정두정로 19	2016.09	190.0	매매 3 전세 2 월세 5	36.8323797	127.1415812	36.82532	127.1402297	0.792669373127322
20	스타벅스 부평삼거리역DT점	십정뜨란채주공1단지아파트	인천 부평구 이규보로 79	2005.07	920.0	"매매가17,000 - 33,500 (만원)
전세가14,500 - 25,500 (만원)"	37.4795654	126.7022513	37.4765331	126.7102019	0.7796219429667304
21	스타벅스 남양산IC DT점	남양산역반도유보라6차아파트	경남 양산시 동면 금오13길 38	2017.05	827.0	"매매가21,500 - 33,000 (만원)
전세가16,500 - 23,500 (만원)"	35.319206	129.0264601	35.3194621	129.0306908	0.38575425968471916
22	스타벅스 광주흑석DT점	영천마을주공9단지아파트	광주 광산구 풍영로 63	2003.05	1262.0	"매매가20,000 - 24,500 (만원)
전세가16,500 - 20,000 (만원)"	35.1778041	126.8097029	35.1769543	126.8077963	0.19761388231197893
23	스타벅스 대구중동네거리DT점	정화우방팔레스아파트	대구 수성구 수성로 135	2003.01	488.0	"매매가37,500 - 56,000 (만원)
전세가26,000 - 42,000 (만원)"	35.8380516	128.6108302	35.8409171	128.6139627	0.425655723000597
24	스타벅스 안양석수DT점	안양석수역푸르지오아파트	경기 안양시 만안구 삼성산길 8	2009.06	542.0	"매매가59,500 - 79,000 (만원)
전세가32,000 - 40,000 (만원)"	37.4330975	126.90465	37.4310609	126.9034526	0.2496441366445084
25	스타벅스 울산북구청DT점	벽산늘푸른아파트	울산 북구 상방로 160	1994.08	828.0	"매매가15,200 - 24,200 (만원)
전세가12,000 - 15,500 (만원)"	35.5837705	129.3643998	35.5834832	129.3588839	0.5009502064735182
26	스타벅스 전주백제대로DT점	전주중화산동풍림아이원아파트	전북 전주시 완산구 서원로 289	2011.04	498.0	"매매가27,500 - 41,500 (만원)
전세가22,000 - 37,000 (만원)"	35.81290629999999	127.1263681	35.8146019	127.1234249	0.3258023346354053
27	스타벅스 경산중방DT점	초원맨션아파트	경북 경산시 경안로48길 11-12	1989.05	59.0	매매 7	35.829127	128.7378615	35.8274664	128.7370404	0.19863015518617033
28	스타벅스 제천DT점	두진백로1차아파트	충북 제천시 칠성로 19	1995.05	484.0	"매매가8,000 - 13,000 (만원)
전세가7,000 - 11,000 (만원)"	37.1463052	128.20915259999998	37.1436691	128.2128533	0.44009572213346215
29	스타벅스 대구상인DT점	상인KCC스위첸아파트	대구 달서구 월배로39길 26	2009.1	293.0	"매매가64,000 - 79,000 (만원)
전세가46,000 - 54,500 (만원)"	35.8199118	128.5333122	35.822283	128.5343795	0.2802194738330701
30	스타벅스 동탄능동DT점	숲속마을자연앤경남아너스빌아파트	경기 화성시 동탄숲속로 69	2008.1	455.0	"매매가35,000 - 45,000 (만원)
전세가21,000 - 25,000 (만원)"	37.209423	127.0549932	37.2137507	127.0635819	0.9010510154956628
31	스타벅스 전주송천DT점	송천뜨란채아파트	전북 전주시 덕진구 붓내3길 29	1998.12	1992.0	"매매가8,600 - 17,800 (만원)
전세가8,000 - 16,500 (만원)"	35.8678669	127.12537659999998	35.8672981	127.121917	0.31876122158388565
32	스타벅스 원주반곡DT점	유승한내들아파트	강원 원주시 강변로 119	2003.06	639.0	"매매가12,500 - 17,500 (만원)
전세가10,500 - 14,500 (만원)"	37.3201104	127.9677467	37.3196347	127.9715718	0.34313285577051716
33	스타벅스 의정부예술의전당DT점	의정부롯데캐슬골드파크2단지아파트	경기 의정부시 범골로63번길 31 의정부 롯데캐슬 골드파크 2단지	2018.11	931.0	"매매가37,500 - 61,250 (만원)
전세가24,000 - 38,000 (만원)"	37.7311131	127.036385	37.733071	127.0388841	0.3094430247470951
34	스타벅스 화곡DT점	삼형그레이스빌아파트	서울 강서구 등촌로 91	2001.09	87.0	"매매가37,500 - 57,500 (만원)
전세가28,000 - 44,000 (만원)"	37.538185	126.863257	37.5350355	126.8631182	0.34977103776230906
35	스타벅스 경인교대입구역DT점	계산한양아파트	인천 계양구 계양대로120번길 10	1985.1	280.0	"매매가16,000 - 24,000 (만원)
전세가13,000 - 20,000 (만원)"	37.5340101	126.7236169	37.5355197	126.722153	0.21169018085352306
36	스타벅스 용인상하DT점	참솔마을월드메르디앙아파트	경기 용인시 기흥구 동백죽전대로 281 참솔마을월드메르디앙	2006.02	966.0	"매매가29,500 - 43,000 (만원)
전세가23,000 - 30,500 (만원)"	37.264797	127.1538776	37.2596715	127.1424797	1.1600884116310726
37	스타벅스 광주주월DT점	힐스테이트백운아파트	광주 남구 회재로1293번길 7	2016.09	528.0	"매매가37,000 - 45,000 (만원)
전세가22,500 - 32,000 (만원)"	35.1537946	126.9125291	35.1341387	126.8981372	2.544690223300551
38	스타벅스 충주호암DT점	충주호암지구우미린에듀시티	충북 충주시 호암수청1로 13 우미린에듀시티아파트	2019.08	892.0	매매 2 전세 6	36.9626934	127.92691299999998	36.9589788	127.9236984	0.5018922709559692
39	스타벅스 동수원DT점	동수원월드메르디앙아파트	경기 수원시 팔달구 권광로 373	2004.06	2063.0	"매매가53,000 - 70,000 (만원)
전세가31,000 - 45,000 (만원)"	37.2803291	127.034484	37.2780155	127.0337778	0.26429771549283954
40	스타벅스 안양비산DT점	관악타운아파트	경기 안양시 동안구 학의로 20	1992.11	1800.0	"매매가41,000 - 58,500 (만원)
전세가28,500 - 40,000 (만원)"	37.3947889	126.9432242	37.3924933	126.9428578	0.2568348134685528
41	스타벅스 구의DT점	래미안파크스위트	서울 광진구 광나루로 545	2018.09	854.0	"매매가92,500 - 157,500 (만원)
전세가49,000 - 100,000 (만원)"	37.544919	127.0901914	37.545357	127.0871714	0.27127526156407467
42	스타벅스 부천중동DT점	복사골건영아이숲1차아파트	경기 부천시 중동로 166	1992.12	1030.0	"매매가17,500 - 38,000 (만원)
전세가13,000 - 28,000 (만원)"	37.4941355	126.76810659999998	37.4963743	126.7642	0.4255431379027382
43	스타벅스 해운대달맞이DT점	해운대엘시티더샵	부산 해운대구 달맞이길 30	2019.11	882.0	매매 329 전세 229 월세 403	35.1599209	129.1697564	35.161563	129.171237	0.22668640015359096
44	스타벅스 속초DT점	부영5단지아파트	강원 속초시 청대로204번길 40	1995.07	1030.0	"매매가6,750 - 11,250 (만원)
전세가6,250 - 10,250 (만원)"	38.1885131	128.5813194	38.1898709	128.5844124	0.31006137940479084
45	스타벅스 광주상무DT점	상무SK뷰아파트	광주 서구 마륵복개로 140	2016.01	536.0	"매매가41,500 - 80,000 (만원)
전세가26,500 - 50,000 (만원)"	35.147524	126.8524618	35.1499296	126.8548315	0.34330009565751063
46	스타벅스 광주지산DT점	광주지산휴먼시아아파트	광주 동구 동명로69번길 20	2010.06	375.0	"매매가25,000 - 32,000 (만원)
전세가19,500 - 24,000 (만원)"	35.152842799999995	126.9278086	35.1497144	126.9290755	0.3657697390020459
47	스타벅스 남양주진접DT점	해밀마을반도유보라메이플타운5단지	경기 남양주시 진접읍 해밀예당1로 145	2009.12	873.0	"매매가32,000 - 41,000 (만원)
전세가21,000 - 28,000 (만원)"	37.72009389999999	127.1938822	37.7230756	127.1903572	0.45398770322445964
48	스타벅스 광주산정DT점	영천마을주공10단지아파트	광주 광산구 사암로340번길 30	2003.08	1300.0	"매매가16,800 - 26,000 (만원)
전세가14,000 - 20,000 (만원)"	35.1737511	126.8105744	35.1734186	126.8041803	0.5836372614184897
49	스타벅스 일산풍동DT점	숲속마을두산위브2단지아파트	경기 고양시 일산동구 숲속마을1로 55	2006.07	888.0	"매매가32,000 - 36,500 (만원)
전세가28,500 - 32,000 (만원)"	37.6659658	126.7986768	37.6621092	126.8009513	0.47275335587235645
50	스타벅스 청주봉명DT점	초원아파트	충북 청주시 흥덕구 백봉로224번길 21	1992.12	232.0	"매매가8,200 - 9,000 (만원)
전세가6,500 - 7,500 (만원)"	36.6481199	127.4608256	36.6385174	127.4598377	1.0692545404949827
51	스타벅스 동해DT점	동해천곡주공2차아파트	강원 동해시 한섬로 87	1984.11	150.0	"매매가6,000 - 10,500 (만원)
전세가3,100 - 5,100 (만원)"	37.52097670000001	129.1131408	37.5201864	129.1147727	0.1688345920228069
52	스타벅스 대구월곡DT점	상인영남화성타운아파트	대구 달서구 상인서로 76	1993.07	758.0	"매매가18,500 - 38,500 (만원)
전세가16,000 - 31,500 (만원)"	35.8173008	128.5429645	35.8148659	128.5410568	0.32048807149624964
53	스타벅스 계룡대로DT점	엄사성원아파트	충남 계룡시 엄사면 엄사중앙로 66	1997.11	1850.0	"매매가7,000 - 8,500 (만원)
전세가6,000 - 7,000 (만원)"	36.2862963	127.2421624	36.2883806	127.2443977	0.306294234260787
54	스타벅스 전주덕진광장DT점	거성대학촌아파트	전북 전주시 덕진구 명륜4길 16	1983.08	60.0	매매 1 전세 1	35.8427056	127.1272879	35.8428779	127.1242053	0.2791445917933629
55	스타벅스 역곡역DT점	역곡역e편한세상아파트	경기 부천시 역곡로19번길 26	2011.08	445.0	"매매가50,000 - 86,000 (만원)
전세가38,000 - 52,000 (만원)"	37.4868971	126.8082001	37.4834833	126.8092991	0.3911555296455786
56	스타벅스 을숙도강변DT점	하단동SKVIEW아파트	부산 사하구 하신번영로 400	2004.05	1828.0	"매매가22,500 - 49,000 (만원)
전세가17,000 - 35,000 (만원)"	35.1177263	128.96164620000002	35.1152603	128.9595779	0.33226072452369737
57	스타벅스 평택안중DT점	이화마을건영캐스빌아파트	경기 평택시 안중읍 안현로서9길 164-9	2005.04	744.0	"매매가15,000 - 18,500 (만원)
전세가13,000 - 15,500 (만원)"	36.9877084	126.9173185	36.9908158	126.9134157	0.4895298457674973
58	스타벅스 금정남산동DT점	선경1차아파트	부산 금정구 구서중앙로 20	1985.11	616.0	"매매가35,000 - 51,500 (만원)
전세가19,000 - 29,500 (만원)"	35.25559910000001	129.0894428	35.2644337	129.0926098	1.0216476236420746
59	스타벅스 대구감삼DT점	대우월드마크웨스트엔드	대구 달서구 와룡로 169	2010.08	994.0	"매매가66,500 - 109,000 (만원)
전세가45,000 - 70,000 (만원)"	35.848291	128.53592659999998	35.8443842	128.5366553	0.4384535010440419
60	스타벅스 종암DT점	극동아파트	서울 성북구 북악산로29길 67	2000.12	297.0	"매매가47,500 - 69,000 (만원)
전세가30,000 - 44,500 (만원)"	37.5952054	127.0339666	37.5919525	127.0360401	0.40482088154511087
61	스타벅스 춘천후평DT점	춘천더샵아파트	강원 춘천시 후석로 325	2008.06	1792.0	"매매가17,500 - 36,000 (만원)
전세가14,000 - 27,500 (만원)"	37.8798243	127.7478895	37.8792637	127.7507526	0.259455660905222
62	스타벅스 대전IC DT점	비래한신휴플러스아파트	대전 대덕구 비래서로10번길 21	2006.06	646.0	"매매가18,500 - 34,500 (만원)
전세가14,000 - 22,500 (만원)"	36.3545958	127.4462912	36.3542137	127.4445324	0.1634620635513875
63	스타벅스 양주덕정역DT점	봉우마을주공5단지아파트	경기 양주시 고암길 354	2000.08	1732.0	"매매가13,000 - 16,800 (만원)
전세가9,500 - 12,500 (만원)"	37.83595250000001	127.06541740000002	37.838197	127.0630407	0.32531973989137414
64	스타벅스 광주매곡DT점	용봉주공아파트	광주 북구 매곡로 20				35.18668560000001	126.896046	35.1898357	126.8986979	0.42482583089311754
65	스타벅스 충남보령DT점	금성백조예미지2차아파트	충남 보령시 명천동 산38-9	2019.11	517.0	매매 5 월세 1	36.3365866	126.6065578	36.3408254	126.5893248	1.6170395112091205
66	스타벅스 김해구산DT점	한일유엔아이아파트	경남 김해시 구산로5번길 89	2004.06	1308.0	"매매가14,000 - 16,500 (만원)
전세가11,000 - 13,000 (만원)"	35.256646	128.8680669	35.2553715	128.8664291	0.20544629906390532
67	스타벅스 청주용담DT점	우미린에듀파크2단지아파트	충북 청주시 상당구 수영로 359	2018.02	901.0	"매매가27,000 - 46,500 (만원)
전세가21,000 - 33,000 (만원)"	36.6335194	127.5122466	36.6342108	127.505078	0.645710046473395
68	스타벅스 진주칠암DT점	주약현대I아파트	경남 진주시 진주대로815번길 11	2000.11	835.0	"매매가14,000 - 31,800 (만원)
전세가12,500 - 26,000 (만원)"	35.171854	128.0932222	35.174793	128.092816	0.3281565811667557
69	스타벅스 의정부녹양DT점	힐스테이트녹양역	경기 의정부시 가금로34번길 23	2018.11	758.0	"매매가30,000 - 48,000 (만원)
전세가24,000 - 35,000 (만원)"	37.7545997	127.0435819	37.7584788	127.0402351	0.5218753861698068
70	스타벅스 북수원IC DT점	수원SK스카이뷰아파트	경기 수원시 장안구 이목로 24	2013.05	3498.0	"매매가52,000 - 85,000 (만원)
전세가34,000 - 55,000 (만원)"	37.3109011	126.986679	37.3079558	126.998326	1.0830107559870017
71	스타벅스 광주선운DT점	선운이지더원2단지아파트	광주 광산구 선운중앙로 43	2014.07	378.0	"매매가27,000 - 36,000 (만원)
전세가20,000 - 26,000 (만원)"	35.1494342	126.7750254	35.20323	126.818724	7.173967962892407
72	스타벅스 평촌역DT점	인덕원푸르지오엘센트로	경기 의왕시 안양판교로 100	2019.11	1774.0	"매매가101,500 - 123,500 (만원)
전세가59,000 - 80,000 (만원)"	37.39201729999999	127.0002808	37.3965683	126.9716158	2.5880504922499665
73	스타벅스 광주운암DT점	운암주공3단지아파트	광주 북구 북문대로98번길 10	1984.11	2020.0	"매매가20,500 - 38,500 (만원)
전세가2,500 - 7,000 (만원)"	35.179233399999994	126.8789148	35.1776306	126.8784132	0.18359700213012486
74	스타벅스 풍무역DT점	김포풍무꿈에그린유로메트로1단지아파트	경기 김포시 풍무로68번길 39	2014.05	965.0	"매매가36,000 - 46,500 (만원)
전세가27,000 - 35,000 (만원)"	37.6053777	126.7229124	37.6103332	126.7374313	1.394994131059421
75	스타벅스 익산영등DT점	제일타운아파트	전북 익산시 고봉로30길 13	1995.04	900.0	"매매가12,000 - 30,000 (만원)
전세가11,500 - 23,000 (만원)"	35.9567214	126.971962	35.9593431	126.9688995	0.40118428857664923
76	스타벅스 광주수완DT점	수완코오롱하늘채아파트	광주 광산구 장덕로137번길 39	2008.12	753.0	"매매가50,500 - 89,500 (만원)
전세가32,000 - 50,000 (만원)"	35.19935	126.8224749	35.2031746	126.8190648	0.5258126114277341
77	스타벅스 기장역DT점	한신그린코아아파트	부산 기장군 기장읍 차성로344번길 13	1995.05	1131.0	"매매가12,500 - 28,500 (만원)
전세가9,000 - 17,500 (만원)"	35.2487727	129.2153662	35.2421513	129.220117	0.8524188293461747
78	스타벅스 대구두류DT점	세신아파트	대구 서구 달구벌대로361길 9	1981.04	41.0	매매 1 월세 7	35.8601761	128.56133549999998	35.8588586	128.5612941	0.14623287325482023
79	스타벅스 대구앞산DT점	동신점보맨션아파트	대구 남구 대명로 177	1979.08	201.0	"매매가14,500 - 19,700 (만원)
전세가11,000 - 15,000 (만원)"	35.8394338	128.57717340000002	35.8356394	128.579943	0.48976007307955294
80	스타벅스 사상주례DT점	주례한일유앤아이아파트	부산 사상구 백양대로 372-15	2005.02	988.0	"매매가18,500 - 43,000 (만원)
전세가17,000 - 32,000 (만원)"	35.15406780000001	129.0098723	35.1548839	128.9962191	1.2473191739895277
81	스타벅스 하남미사DT점	미사강변센트럴자이아파트	경기 하남시 미사강변대로 95	2017.02	1222.0	"매매가97,000 - 125,000 (만원)
전세가52,000 - 64,000 (만원)"	37.5574402	127.1859211	37.5675503	127.1892407	1.159798748966775
82	스타벅스 경기광주쌍령DT점	광주센트럴푸르지오아파트	경기 광주시 경충대로1461번길 43	2018.04	1425.0	"매매가36,500 - 47,500 (만원)
전세가21,000 - 28,500 (만원)"	37.3982139	127.2715036	37.3987506	127.2733178	0.1713264721977146
83	스타벅스 울산남구청DT점	울산신정동신정지웰	울산 남구 월평로171번길 26	2018.07	200.0	"매매가33,000 - 36,000 (만원)
전세가25,000 - 28,000 (만원)"	35.5453746	129.32388079999998	35.5441545	129.3245996	0.1502454621991522
84	스타벅스 대구만촌DT점	만촌3차화성파크드림아파트	대구 수성구 교학로 13				35.853464	128.6530125	35.8563651	128.6502429	0.4076807909552385
85	스타벅스 신영통DT점	신영통현대1단지아파트	경기 화성시 영통로61번길 10	2001.1	896.0	"매매가29,000 - 42,000 (만원)
전세가20,000 - 28,000 (만원)"	37.2341386	127.0596908	37.2343091	127.063002	0.2944375943758944
86	스타벅스 낙성대DT점	동아타운아파트	서울 관악구 봉천로 576	1999.1	121.0	"매매가23,500 - 72,000 (만원)
전세가16,000 - 53,500 (만원)"	37.47690220000001	126.9612462	37.4761693	126.9650053	0.3423090548533544
87	스타벅스 대구수성네거리DT점	롬바드아파트	대구 수성구 들안로 325	2011.07	108.0	"매매가61,000 - 92,000 (만원)
전세가41,500 - 67,000 (만원)"	35.8590018	128.61683689999998	35.8604584	128.6180418	0.19484548574972851
88	스타벅스 영등포신길DT점	래미안프레비뉴아파트	서울 영등포구 가마산로 442	2015.12	949.0	"매매가97,000 - 145,000 (만원)
전세가44,000 - 70,000 (만원)"	37.503544700000006	126.9065597	37.5045573	126.9100739	0.3304275150320055
89	스타벅스 여주DT점	여주점봉부영아파트	경기 여주시 세종로 394-10	2000.1	810.0	"매매가7,500 - 12,000 (만원)
전세가6,500 - 9,500 (만원)"	37.2639745	127.6383788	37.266224	127.638154	0.25045044796018023
90	스타벅스 구미시청DT점	상산에이스타운	경북 구미시 신시로14길 10	2002.09	19.0	매매 1	36.1156074	128.34021840000003	36.1176314	128.3416068	0.2570277685723551
91	스타벅스 일산덕이DT점	일산위브더제니스	경기 고양시 일산서구 일현로 97-11	2013.04	2700.0	"매매가38,000 - 81,000 (만원)
전세가32,000 - 55,000 (만원)"	37.69379	126.7624419	37.6917933	126.7565987	0.5609859632471315
92	스타벅스 원주명륜DT점	개운한신휴플러스1차아파트	강원 원주시 서원대로 389	2006.12	762.0	"매매가16,500 - 26,700 (만원)
전세가12,500 - 21,000 (만원)"	37.3320693	127.9503406	37.335916	127.9499284	0.42848178708450707
93	스타벅스 인천당하DT점	당하풍림아이원3차아파트	인천 서구 원당대로685번길 31	2004.1	579.0	"매매가20,000 - 29,000 (만원)
전세가18,000 - 24,000 (만원)"	37.5957674	126.6759307	37.593359	126.675556	0.26934595099346603
94	스타벅스 청주사직DT점	청주사직두산위브더제니스아파트	충북 청주시 서원구 사운로 93	2009.07	576.0	"매매가26,000 - 40,000 (만원)
전세가22,500 - 31,000 (만원)"	36.6390096	127.4767676	36.6358593	127.48118	0.5271933823106622
95	스타벅스 수원연무DT점	우만주공4단지아파트	경기 수원시 팔달구 창룡대로 194	1992.03	1152.0	"매매가18,500 - 30,000 (만원)
전세가8,500 - 14,000 (만원)"	37.291197	127.03061540000002	37.2921664	127.0287308	0.19874657721849331
96	스타벅스 김포풍무DT점	김포풍무꿈에그린유로메트로1단지아파트	경기 김포시 풍무로68번길 39	2014.05	965.0	"매매가36,000 - 46,500 (만원)
전세가27,000 - 35,000 (만원)"	37.6053777	126.7229124	37.599827	126.7204152	0.654342508045047
97	스타벅스 김천시청DT점	신음현대1차아파트	경북 김천시 시청로 46	1996.12	959.0	"매매가6,500 - 19,000 (만원)
전세가5,800 - 15,800 (만원)"	36.1334789	128.1186996	36.1325039	128.1175904	0.14721691664455988
98	스타벅스 포항죽도DT점	포항자이아파트	경북 포항시 남구 상도남로 11	2018.09	1567.0	"매매가31,000 - 73,000 (만원)
전세가26,000 - 47,250 (만원)"	36.00926010000001	129.3423947	36.0184362	129.3480514	1.1387340739321496
99	스타벅스 과천DT점	과천주공8단지아파트	경기 과천시 부림로 2	1983.08	1400.0	"매매가120,000 - 145,000 (만원)
전세가50,000 - 55,000 (만원)"	37.43585770000001	126.9990703	37.4392667	126.9938019	0.6004471173203437
100	스타벅스 대구상동DT점	수성동일하이빌레이크시티아파트	대구 수성구 수성로 71	2009.04	1411.0	"매매가62,000 - 122,000 (만원)
전세가41,500 - 80,000 (만원)"	35.83129520000001	128.609427	35.8296424	128.6116932	0.2748817238417542
101	스타벅스 부산재송DT점	더샵센텀파크1단지아파트	부산 해운대구 센텀중앙로 145	2005.1	2752.0	"매매가61,000 - 151,000 (만원)
전세가36,000 - 74,500 (만원)"	35.1783761	129.1219704	35.181271	129.1240501	0.37287661525027704
102	스타벅스 천안서부대로DT점	광명장미아파트	충남 천안시 서북구 미라2길 19	1993.11	990.0	"매매가10,500 - 22,000 (만원)
전세가9,500 - 18,500 (만원)"	36.8015412	127.128244	36.8035728	127.12718	0.24463407255256708
103	스타벅스 강동암사DT점	삼성광나루아파트	서울 강동구 상암로3길 77	2002.11	490.0	"매매가69,000 - 110,000 (만원)
전세가40,500 - 63,000 (만원)"	37.55410579999999	127.1271601	37.55504	127.1300647	0.27680608864905953
104	스타벅스 이천사음DT점	이천현진에버빌2차아파트	경기 이천시 경충대로2996번길 16	2006.04	137.0	"매매가18,000 - 22,000 (만원)
전세가14,500 - 18,000 (만원)"	37.2967349	127.4120479	37.2991064	127.4078413	0.45648610918904725
105	스타벅스 천안두정역DT점	두정대우1차아파트	충남 천안시 서북구 봉정로 365	1996.12	1038.0	"매매가9,600 - 18,000 (만원)
전세가8,200 - 17,000 (만원)"	36.8344013	127.1445216	36.8328657	127.1461575	0.22435734870531496
106	스타벅스 안양운동장사거리DT점	달안동샛별한양2단지아파트	경기 안양시 동안구 학의로 98	1993.04	844.0	"매매가25,500 - 67,000 (만원)
전세가15,500 - 40,500 (만원)"	37.3982862	126.9504418	37.40111	126.9492085	0.33187993203626065
107	스타벅스 대전신탄진DT점	대전풍림금강엑슬루타워아파트	대전 대덕구 대덕대로 1555	2012.01	2312.0	"매매가23,000 - 42,000 (만원)
전세가18,000 - 26,000 (만원)"	36.45134820000001	127.4197098	36.4486603	127.4199831	0.29927378866144466
108	스타벅스 수원세류DT점	대한대우푸르지오아파트	경기 수원시 팔달구 권선로 477	1999.12	1293.0	"매매가35,000 - 60,000 (만원)
전세가22,000 - 33,000 (만원)"	37.265018	127.0047858	37.262829	127.0112092	0.619406347920203
109	스타벅스 일산애니골DT점	숲속마을에버나인10단지아파트	경기 고양시 일산동구 숲속마을2로 25				37.6730204	126.7954741	37.6745369	126.7931915	0.2624517461174176
110	스타벅스 포항쌍용DT점	상도풀리스아파트	경북 포항시 남구 중흥로114번길 7-5				36.0146794	129.3528872	36.015594	129.353048	0.10251337985638294
111	스타벅스 경기광주신현DT점	e편한세상태재1단지아파트	경기 광주시 오포읍 태재로 20-15	2018.07	480.0	"매매가44,000 - 61,000 (만원)
전세가35,000 - 47,000 (만원)"	37.3582191	127.1498937	37.3598852	127.1530391	0.33442623429301915
112	스타벅스 목포북항DT점	산정현대아파트	전남 목포시 죽산로40번길 24	1991.12	530.0	"매매가8,500 - 10,500 (만원)
전세가7,200 - 9,500 (만원)"	34.8112346	126.3782933	34.8086337	126.3732658	0.5430123175163974
113	스타벅스 남양주연평DT점	해밀마을남양휴튼1단지아파트	경기 남양주시 진접읍 해밀예당1로 49	2010.02	443.0	"매매가30,000 - 39,000 (만원)
전세가23,500 - 26,000 (만원)"	37.7129415	127.1857447	37.7113167	127.1853201	0.18418348448675861
114	스타벅스 여수학동DT점	센트럴파크주상복합아파트	전남 여수시 시청동1길 29	2014.03	208.0	"매매가9,500 - 13,000 (만원)
전세가6,000 - 8,500 (만원)"	34.75829829999999	127.6631294	34.7614394	127.660968	0.40072929493168785
115	스타벅스 인천간석DT점	신동아파밀리에명품아파트	인천 남동구 염전로 440	2007.08	715.0	"매매가24,500 - 35,000 (만원)
전세가17,000 - 29,500 (만원)"	37.46754910000001	126.6894988	37.4697191	126.6907451	0.26487621267510914
116	스타벅스 인천용현DT점	용현대림아파트	인천 미추홀구 낙섬중로 18	1990.1	598.0	"매매가20,000 - 28,000 (만원)
전세가18,000 - 21,500 (만원)"	37.4489019	126.6362588	37.4523373	126.6325809	0.5012813484601967
117	스타벅스 송파방이DT점	방이동대림아파트	서울 송파구 양재대로 1109	1985.02	480.0	"매매가118,000 - 154,000 (만원)
전세가49,500 - 72,000 (만원)"	37.5076633	127.124291	37.5065478	127.1205263	0.35514254598115097
118	스타벅스 대전도안DT점	유성푸르지오시티	대전 유성구 온천로 45	2014.08	696.0	"매매가7,600 - 20,000 (만원)
전세가6,500 - 16,050 (만원)"	36.3556963	127.3429483	36.3514622	127.3399813	0.540067962912189
119	스타벅스 광주월산DT점	농성SK뷰센트럴아파트	광주 서구 상무대로1147번길 16 농성 SK VIEW Central	2019.09	842.0	"매매가40,000 - 53,000 (만원)
전세가24,000 - 34,000 (만원)"	35.154739500000005	126.8852591	35.1457088	126.8909107	1.1264987040242769
120	스타벅스 의정부용현DT점	용현현대1차아파트	경기 의정부시 오목로 36	1992.07	986.0	"매매가23,500 - 42,500 (만원)
전세가13,000 - 19,250 (만원)"	37.7322334	127.0871103	37.7305628	127.0843037	0.3091789440471974
121	스타벅스 당진시곡DT점	당진현대그린아파트	충남 당진시 서해로 6258-8	1996.12	575.0	"매매가6,200 - 14,500 (만원)
전세가5,700 - 12,000 (만원)"	36.9018191	126.6813418	36.9026106	126.6837943	0.2355690372724884
122	스타벅스 수원KBS DT점	래미안노블클래스1단지아파트	경기 수원시 팔달구 권광로 246	2009.08	892.0	"매매가44,000 - 68,000 (만원)
전세가31,000 - 45,000 (만원)"	37.2693741	127.03640190000002	37.2711224	127.0352126	0.22085131286001689
123	스타벅스 인천송도DT점	송도웰카운티4단지아파트	인천 연수구 해송로30번길 20	2010.02	465.0	"매매가48,000 - 94,000 (만원)
전세가30,500 - 58,000 (만원)"	37.3816288	126.6443703	37.3994143	126.6297563	2.3603294680997364
124	스타벅스 부산안락DT점	부산더샵파크시티	부산 연제구 안연로 33	2015.06	1758.0	"매매가39,000 - 65,000 (만원)
전세가26,300 - 45,000 (만원)"	35.1906268	129.0990608	35.1958595	129.1069541	0.9240091782602862
125	스타벅스 군산나운DT점	나운3차주공아파트	전북 군산시 하나운안1길 40	1983.12	800.0	"매매가5,200 - 7,300 (만원)
전세가1,500 - 3,000 (만원)"	35.9650934	126.6971938	35.9626875	126.6955737	0.30433847003177583
126	스타벅스 청주비하DT점	청주하복대아름다운나날1차아파트	충북 청주시 흥덕구 증안로 21	2003.1	952.0	"매매가17,000 - 19,000 (만원)
전세가13,500 - 15,000 (만원)"	36.6375041	127.42507	36.6384221	127.4221948	0.2765790261571888
127	스타벅스 전북정읍DT점	정읍연지동영무예다음	전북 정읍시 중앙로 55 정읍연지동영무예다음	2017.06	821.0	"매매가18,100 - 37,300 (만원)
전세가13,000 - 27,000 (만원)"	35.57184779999999	126.8484465	35.5702727	126.8517013	0.3429179056189009
128	스타벅스 수원IC DT점	황골마을주공1단지아파트	경기 수원시 영통구 영통로 498	1997.12	3129.0	"매매가21,000 - 30,000 (만원)
전세가16,500 - 23,000 (만원)"	37.2627515	127.07960459999998	37.2671855	127.0744855	0.669583638988892
129	스타벅스 세종다정DT점	새뜸마을14단지더샵힐스테이트아파트	세종 새롬로 56	2017.04	222.0	"매매가84,000 - 105,000 (만원)
전세가25,000 - 32,000 (만원)"	36.486851400000006	127.25266210000001	36.496008	127.254332	1.027048258794953
130	스타벅스 울산호계DT점	울산신천효성해링턴플레이스아파트	울산 북구 신천로 26	2018.06	914.0	"매매가24,000 - 33,000 (만원)
전세가15,000 - 22,000 (만원)"	35.6428989	129.3506784	35.637989	129.345312	0.7300718559691189
131	스타벅스 울산중리사거리DT점	평창현대3차아파트	울산 남구 삼산중로128번길 21	1995.1	782.0	"매매가20,500 - 43,500 (만원)
전세가14,500 - 27,000 (만원)"	35.5455754	129.3382701	35.54388	129.3386831	0.1917974469762487
132	스타벅스 광주금호DT점	광주상무푸르지오아파트	광주 서구 금호운천길 83	2011.06	470.0	"매매가60,000 - 87,000 (만원)
전세가38,000 - 60,000 (만원)"	35.1427921	126.8551685	35.1421126	126.8576646	0.23963531270281604
133	스타벅스 마산회원DT점	메트로시티2단지아파트	경남 창원시 마산회원구 삼호로 80	2015.1	1915.0	"매매가35,000 - 66,000 (만원)
전세가26,500 - 50,000 (만원)"	35.2252354	128.5855156	35.2205449	128.5744467	1.1341449880487946
134	스타벅스 인천갈산DT점	부평삼산지구엠코타운아파트	인천 부평구 후정로 7	2007.08	708.0	"매매가29,000 - 54,000 (만원)
전세가25,000 - 37,500 (만원)"	37.52110020000001	126.7340779	37.5187059	126.7320347	0.3213111735791114
135	스타벅스 동대구로DT점	동대구유성푸르나임아파트	대구 동구 동부로22길 48	2014.11	672.0	매매 36 전세 6 월세 31	35.8722191	128.6266777	35.8680868	128.6271589	0.4605608265253942
136	스타벅스 광주효천DT점	광주효천중흥S클래스아파트	광주 남구 효우로 332-11	2015.07	662.0	"매매가35,500 - 58,000 (만원)
전세가23,000 - 33,000 (만원)"	35.1041571	126.9030091	35.0999185	126.8714673	2.914006388766238
137	스타벅스 대전가수원DT점	계룡아파트	대전 서구 가수원로 98	1986.05	780.0	"매매가11,000 - 16,500 (만원)
전세가8,000 - 10,000 (만원)"	36.3028786	127.3508049	36.3035739	127.3489943	0.17999715732341307
138	스타벅스 연희DT점	연화아파트	서울 서대문구 연희로25길 101	1975.12	32.0	매매 8 전세 1	37.5689958	126.9320662	37.5701744	126.9339647	0.21270028850251557
139	스타벅스 광명소하DT점	광명역세권휴먼시아3단지아파트	경기 광명시 성채로 36	2011.02	797.0	"매매가62,000 - 70,000 (만원)
전세가36,000 - 41,000 (만원)"	37.4326733	126.8820544	37.4348248	126.8791749	0.34923506026012674
140	스타벅스 용인보라DT점	보라마을현대모닝사이드아파트	경기 용인시 기흥구 용구대로 1842	2003.06	771.0	"매매가26,500 - 37,500 (만원)
전세가20,000 - 29,000 (만원)"	37.2528157	127.1063669	37.2553805	127.1043864	0.3345064077624499
141	스타벅스 대전대사DT점	센트럴웅진스타클래스	대전 중구 중앙로 28	2013.08	250.0	"매매가14,600 - 27,000 (만원)
전세가10,000 - 23,500 (만원)"	36.32271110000001	127.4178421	36.3188226	127.4174629	0.43282873398175914
142	스타벅스 경남사천DT점	토성에어빌아파트관리사무실(에스엠)	경남 사천시 사천읍 사천대로 1891-2				35.0830702	128.0828719	35.0811505	128.0837012	0.2260053094490226
143	스타벅스 천안IC DT점	도솔노블시티동문굿모닝힐아파트	충남 천안시 동남구 신부8길 21	2018.05	2144.0	"매매가24,500 - 41,000 (만원)
전세가19,500 - 27,500 (만원)"	36.8155234	127.1629527	36.8203757	127.1613598	0.5569203145891739
144	스타벅스 강동구청DT점	성안마을청구아파트	서울 강동구 풍성로 114-1	2002.07	349.0	"매매가34,500 - 90,000 (만원)
전세가24,500 - 49,000 (만원)"	37.53167670000001	127.1246993	37.5291389	127.1237922	0.2928538031855774
145	스타벅스 북오산IC DT점	서동탄역더샵파크시티	경기 오산시 문시로 183-19	2019.07	2400.0	"매매가38,000 - 61,500 (만원)
전세가25,000 - 37,250 (만원)"	37.1960537	127.0577416	37.189891	127.0592024	0.6961332577870328
146	스타벅스 대전수침교DT점	유등마을쌍용아파트	대전 중구 수침로 138	2000.07	964.0	"매매가24,000 - 43,000 (만원)
전세가16,000 - 27,000 (만원)"	36.3317324	127.3987866	36.3349683	127.3967289	0.4038117487570041
147	스타벅스 대구공평DT점	동인시티타운아파트	대구 중구 국채보상로131길 55	1997.07	204.0	"매매가11,800 - 26,000 (만원)
전세가6,500 - 16,500 (만원)"	35.87249179999999	128.6020969	35.8695386	128.6007534	0.34941906055974015
148	스타벅스 진해자은DT점	자은협성DS이아이존빌아파트	경남 창원시 진해구 풍호로35번길 11	2014.06	433.0	"매매가19,000 - 27,000 (만원)
전세가15,000 - 19,400 (만원)"	35.1408777	128.7043957	35.1437928	128.7068813	0.39484444343509345
149	스타벅스 울산도산사거리DT점	울산센트럴자이아파트	울산 남구 삼산로 231	2015.11	288.0	"매매가40,000 - 63,500 (만원)
전세가31,000 - 46,500 (만원)"	35.5388821	129.33267959999998	35.5311407	129.3301545	0.8889153542768087
150	스타벅스 김포감정DT점	중봉마을신안실크밸리3차아파트	경기 김포시 중봉로 1-1	2012.12	1074.0	"매매가27,500 - 43,000 (만원)
전세가23,000 - 33,000 (만원)"	37.6225676	126.6973678	37.6247863	126.6964285	0.25983834678981205
151	스타벅스 인천동춘DT점	인천연수서해그랑블1단지아파트	인천 연수구 동춘동	2017.11	1043.0	"매매가36,500 - 47,500 (만원)
전세가25,500 - 33,500 (만원)"	37.4044368	126.6691036	37.4124945	126.664392	0.9867868702901721
152	스타벅스 광주방림DT점	광주양림휴먼시아1단지아파트	광주 남구 제중로 11	2008.09	987.0	"매매가28,500 - 46,000 (만원)
전세가21,500 - 35,500 (만원)"	35.1355745	126.9136959	35.1349802	126.9176978	0.3706355538285553
153	스타벅스 대전한남대DT점	영진로얄아파트	대전 대덕구 중리서로 31	1989.05	750.0	"매매가5,500 - 17,000 (만원)
전세가3,000 - 12,000 (만원)"	36.3618549	127.4209042	36.3584284	127.4231358	0.42975168559428295
154	스타벅스 경주터미널DT점	동부이끌림6차	경북 경주시 금성로247번길 15				35.8394867	129.2053815	35.8381689	129.2033261	0.23635502747744744
155	스타벅스 온천장역DT점	래미안장전아파트	부산 금정구 금정로 20	2017.09	1938.0	"매매가56,000 - 112,500 (만원)
전세가34,000 - 67,000 (만원)"	35.2257382	129.0869619	35.2239552	129.086568	0.2010384497813764
156	스타벅스 제주용담DT점	가나아파트	제주 제주시 성화로1길 33				33.5126378	126.503278	33.512345	126.484564	1.7390059164501777
157	스타벅스 서귀포DT점	제주강정유승한내들퍼스트오션아파트	제주 서귀포시 대청로 34 제주강정유승한내들퍼스트오션	2017.03	499.0	"매매가40,000 - 74,000 (만원)
전세가27,000 - 39,500 (만원)"	33.2514324	126.5034108	33.2387359	126.2315851	25.37162004750474
158	스타벅스 리버사이드팔당DTR점	한강우성아파트	경기 남양주시 와부읍 덕소로 270	1998.07	1488.0	"매매가24,500 - 52,000 (만원)
전세가20,000 - 32,000 (만원)"	37.5775215	127.2229881	37.5670974	127.2283782	1.2511087871482074
159	스타벅스 방화DT점	방화2-1단지SH빌아파트	서울 강서구 방화대로48길 40	1993.1	2547.0	"매매가25,000 - 39,500 (만원)
전세가13,000 - 22,000 (만원)"	37.574644	126.8189919	37.5743389	126.8164145	0.23018552375343065
160	스타벅스 천안불당DT점	불당호반베르디움더퍼스트	충남 천안시 서북구 불당19로 200	2016.1	1096.0	"매매가40,000 - 67,000 (만원)
전세가24,000 - 40,000 (만원)"	36.8168714	127.1100698	36.8053819	127.106278	1.3191657620220736
161	스타벅스 신림DT점	라이프미성아파트	서울 관악구 조원로2길 13	1982.1	280.0	"매매가51,500 - 70,000 (만원)
전세가23,500 - 32,000 (만원)"	37.4824491	126.9035207	37.4626176	126.9383251	3.784581176595787
162	스타벅스 포항장성DT점	포항장성두산위브더제니스아파트	경북 포항시 북구 새천년대로 1235	2010.12	1713.0	"매매가21,500 - 40,000 (만원)
전세가17,500 - 32,000 (만원)"	36.051351200000006	129.3730091	36.0745354	129.3842141	2.7634985745565124
163	스타벅스 용인시청DT점	용인행정타운두산위브2단지아파트	경기 용인시 처인구 지삼로590번길 9	2013.11	624.0	"매매가37,500 - 48,500 (만원)
전세가28,000 - 31,500 (만원)"	37.24079370000001	127.1685228	37.2402898	127.1709346	0.22118673068077996
164	스타벅스 제주성산DT점	드림팰리스아파트	제주 서귀포시 성산읍 고성동서로 56				33.4500718	126.9131034	33.4445754	126.9095025	0.6955080491988441
165	스타벅스 원당DT점	어울림마을동신7단지아파트	경기 고양시 덕양구 호국로 754	1992.11	390.0	"매매가36,000 - 44,000 (만원)
전세가26,000 - 31,000 (만원)"	37.67628610000001	126.8748972	37.6581532	126.8376202	3.8557908558657963
166	스타벅스 시흥대야DT점	e편한세상시흥센텀하임아파트	경기 시흥시 비둘기공원7길 10	2019.09	659.0	"매매가40,000 - 48,000 (만원)
전세가30,000 - 32,000 (만원)"	37.444709	126.7924302	37.441667	126.7877611	0.5335769637583576
167	스타벅스 창원호계DT점	코오롱하늘채1차아파트	경남 창원시 마산회원구 내서읍 호원로 361-3	2001.11	2040.0	"매매가12,500 - 27,500 (만원)
전세가12,000 - 21,000 (만원)"	35.26543140000001	128.5254974	35.2615074	128.5230356	0.489602008925513
168	스타벅스 김해대로DT점	김해부원역푸르지오아파트	경남 김해시 김해대로 2326	2014.08	915.0	"매매가36,000 - 70,000 (만원)
전세가24,000 - 45,000 (만원)"	35.240344	128.8870754	35.2279643	128.8965541	1.6219938036906176
169	스타벅스 수원권선DT점	오목천서희스타힐스아파트	경기 수원시 권선구 온정로9번길 36 서희스타힐스아파트	2016.12	844.0	"매매가39,000 - 54,000 (만원)
전세가22,000 - 29,000 (만원)"	37.247361700000006	126.964482	37.2463619	126.9640167	0.11839093177181344
170	스타벅스 양주송추DT점	송추마을우남아파트	경기 양주시 장흥면 가마골로 40-8	2001.09	395.0	"매매가17,800 - 20,500 (만원)
전세가11,000 - 13,000 (만원)"	37.7216973	126.9770852	37.7175251	126.9730933	0.5816432482760332
171	스타벅스 마산해안대로DT점	마린파이브	경남 창원시 마산합포구 오동동14길 67	2014.07	536.0	"매매가21,000 - 26,000 (만원)
전세가19,000 - 23,000 (만원)"	35.20544479999999	128.58164240000002	35.2041973	128.5805718	0.16929117138845862
172	스타벅스 제주애월DT점	이강센스타운아파트	제주 제주시 애월읍 고내동길 21				33.4683738	126.3491436	33.4726175	126.3487469	0.47212314599901556
173	스타벅스 목포터미널DT점	목포상동호반리젠시빌아파트입구	전남 목포시 상동				34.8220309	126.4174952	34.81021	126.417107	1.3118585663209537
174	스타벅스 구미상모DT점	구미상모한신휴플러스아파트	경북 구미시 박정희로 76-1	2015.11	998.0	"매매가16,000 - 28,000 (만원)
전세가14,800 - 23,500 (만원)"	36.10759570000001	128.3529221	36.0823172	128.3563847	2.82220140949961
175	스타벅스 의정부회룡역DT점	신일유토빌	경기 의정부시 호암로 256	2003.04	1432.0	"매매가35,000 - 59,000 (만원)
전세가25,000 - 40,500 (만원)"	37.7219694	127.0457371	37.7223727	127.0474765	0.15974991506377267
176	스타벅스 의정부신곡DT점	풍림한국아파트	경기 의정부시 회룡로 245				37.7275031	127.0615307	37.7261653	127.0647318	0.3188800835089699
177	스타벅스 서산예천DT점	e편한세상서산예천아파트	충남 서산시 동서1로 230	2017.02	936.0	"매매가21,000 - 34,500 (만원)
전세가20,000 - 27,500 (만원)"	36.76946909999999	126.4619405	36.7717265	126.4401714	1.9595880658613198
178	스타벅스 안성공도DT점	송정그린빌아파트	경기 안성시 공도읍 양기길 46	2001.12	860.0	"매매가9,000 - 13,500 (만원)
전세가7,500 - 11,000 (만원)"	37.0043748	127.2004536	37.0095034	127.2007549	0.5697920073132897
179	스타벅스 대구칠곡대로DT점	강북화성파크드림아파트	대구 북구 칠곡중앙대로 312	2007.12	392.0	"매매가29,000 - 47,000 (만원)
전세가22,000 - 31,500 (만원)"	35.92383779999999	128.54787050000002	35.92659	128.5479626	0.30549064446737406
180	스타벅스 금정구청DT점	경남한신아파트	부산 금정구 중앙대로1685번길 24	1995.03	1408.0	"매매가21,500 - 55,700 (만원)
전세가16,500 - 35,300 (만원)"	35.2364134	129.09014309999998	35.2388015	129.0928998	0.36491138043728066
181	스타벅스 용인동백DT점	어정마을동백아이파크아파트	경기 용인시 기흥구 언동로217번길 11	2007.03	313.0	"매매가39,000 - 52,000 (만원)
전세가28,000 - 35,000 (만원)"	37.2775888	127.1453481	37.2745389	127.1412714	0.4952748195051136
182	스타벅스 광주용두DT점	광주첨단2지구제일풍경채리버파크아파트	광주 북구 첨단연신로 216	2014.05	613.0	"매매가29,500 - 47,500 (만원)
전세가21,000 - 27,500 (만원)"	35.2289261	126.8592098	35.2127954	126.8684744	1.9784238176386522
183	스타벅스 평내DT점	평내대주파크빌1차아파트	경기 남양주시 평내로 113	2005.03	595.0	"매매가25,000 - 30,000 (만원)
전세가21,000 - 24,000 (만원)"	37.645713	127.2376928	37.6477605	127.2346938	0.34884452339179556
184	스타벅스 용인마북DT점	구성삼성래미안1차아파트	경기 용인시 기흥구 용구대로2394번길 27	2002.12	1282.0	"매매가72,000 - 89,000 (만원)
전세가33,000 - 44,000 (만원)"	37.2990376	127.1115909	37.2947324	127.1102926	0.4914758985014906
185	스타벅스 김해외동DT점	e편한세상봉황역	경남 김해시 김해대로2324번길 54-27	2017.06	936.0	"매매가26,500 - 38,500 (만원)
전세가18,000 - 27,500 (만원)"	35.240344	128.8870754	35.2293661	128.8627976	2.523321241626432
186	스타벅스 안양호계DT점	내안애팰리스	경기 안양시 동안구 흥안대로94번길 68	2009.12	100.0	"매매가31,500 - 35,000 (만원)
전세가28,000 - 30,000 (만원)"	37.3664597	126.9570425	37.3665605	126.9560115	0.0920113134210597
187	스타벅스 광주신세계DT점	화정동삼익맨션1차아파트	광주 서구 죽봉대로 31	1979.07	276.0	"매매가14,500 - 33,000 (만원)
전세가7,000 - 14,000 (만원)"	35.1560356	126.8817608	35.1562471	126.8827962	0.09721417208895258
188	스타벅스 청주율량DT점	율량서희스타힐스아파트	충북 청주시 청원구 충청대로84번길 30	2016.06	508.0	"매매가25,500 - 34,000 (만원)
전세가20,000 - 26,500 (만원)"	36.66341329999999	127.4952977	36.666229	127.4931282	0.36776508145933196
189	스타벅스 화성병점DT점	다람마을월드메르디앙2차아파트	경기 화성시 병점4로 37	2005.11	109.0	"매매가21,500 - 25,000 (만원)
전세가18,000 - 21,000 (만원)"	37.21385130000001	127.0352416	37.2126104	127.0382295	0.29883805979055394
190	스타벅스 신월IC DT점	신월보람6차아파트	서울 양천구 곰달래로7길 7	2005.1	136.0	"매매가34,500 - 37,500 (만원)
전세가25,000 - 27,300 (만원)"	37.53016350000001	126.8350884	37.5293911	126.8320559	0.28141868986753754
191	스타벅스 동부산DT점	송정휴먼시아2단지아파트	부산 해운대구 해운대로 1188				35.1910151	129.20555670000002	35.1839631	129.2108509	0.9190342608834369
192	스타벅스 오산IC DT점	원동이편한세상2단지아파트	경기 오산시 오산로132번길 10	2007.06	1360.0	"매매가26,000 - 43,000 (만원)
전세가17,500 - 29,500 (만원)"	37.1373404	127.0703727	37.1433302	127.0789307	1.009969731606754
193	스타벅스 강릉송정DT점	포남동주공1차아파트	강원 강릉시 보래미상길 65	1981.1	640.0	"매매가5,800 - 6,400 (만원)
전세가2,000 - 3,200 (만원)"	37.7755778	128.9118324	37.7718657	128.9229264	1.06069123313742
194	스타벅스 부산교대역DT점	부산더샵파크시티	부산 연제구 안연로 33	2015.06	1758.0	"매매가39,000 - 65,000 (만원)
전세가26,300 - 45,000 (만원)"	35.1906268	129.0990608	35.198969700000006	129.07884140000002	2.060948185372658
195	스타벅스 국립대구박물관DT점	가든하이츠1단지아파트	대구 수성구 범어로 45	1985.12	220.0	"매매가84,500 - 118,500 (만원)
전세가37,000 - 63,000 (만원)"	35.8532819	128.6353823	35.8455517	128.6390884	0.9207371914860192
196	스타벅스 백석역DT점	흰돌마을서안5단지아파트	경기 고양시 일산동구 일산로 11	1994.06	628.0	"매매가28,000 - 41,500 (만원)
전세가24,000 - 33,000 (만원)"	37.6409239	126.7839776	37.6439377	126.7873856	0.44984414533329725
197	스타벅스 창원역DT점	창원중동유니시티1단지아파트	경남 창원시 의창구 중동로 34	2019.06	1803.0	"매매가44,000 - 94,000 (만원)
전세가27,000 - 61,000 (만원)"	35.25502789999999	128.6273054	35.2569752	128.6078822	1.7807224942580313
198	스타벅스 공릉DT점	현대아파트	서울 노원구 동일로176길 39-12	1999.05	145.0	"매매가32,500 - 46,000 (만원)
전세가21,000 - 30,500 (만원)"	37.620824	127.0772461	37.6206966	127.0743197	0.2587375774410005
199	스타벅스 춘천석사DT점	춘천휴먼타운아파트	강원 춘천시 지석로 29	2002.05	1110.0	"매매가18,000 - 21,000 (만원)
전세가16,000 - 18,000 (만원)"	37.85324019999999	127.7394869	37.8566079	127.7393261	0.3740613709449231
200	스타벅스 청주용암DT점	용암동현대홈타운아파트	충북 청주시 상당구 용암로 23	1995.1	476.0	"매매가14,500 - 16,500 (만원)
전세가11,000 - 12,500 (만원)"	36.61034	127.5086657	36.607523	127.5039128	0.5277624550370024
201	스타벅스 전북대병원DT점	금암동중앙하이츠아파트	전북 전주시 덕진구 거북바우3길 15	2007.07	602.0	"매매가15,500 - 27,500 (만원)
전세가14,000 - 23,500 (만원)"	35.8377476	127.1396751	35.8415265	127.1371127	0.47895601822521994
202	스타벅스 전주평화DT점	평화동우미아파트	전북 전주시 완산구 모악로 4685	1996.06	603.0	"매매가8,500 - 9,100 (만원)
전세가8,000 - 9,000 (만원)"	35.7882594	127.129399	35.7883624	127.1312939	0.17168739516892406
203	스타벅스 이천증포DT점	이천설봉KCC스위첸아파트	경기 이천시 이섭대천로 1325	2016.08	562.0	"매매가25,000 - 38,000 (만원)
전세가23,000 - 30,000 (만원)"	37.28729379999999	127.450836	37.2967832	127.457432	1.204667310041027
204	스타벅스 인천강화DT점	강화남산리미래지향아파트	인천 강화군 강화읍 남문로 41	2011.11	120.0	"매매가23,500 - 29,000 (만원)
전세가14,000 - 21,000 (만원)"	37.7421565	126.4871222	37.7434197	126.4907102	0.34592674548256896
205	스타벅스 제주삼화DT점	삼화부영6차아파트관리사무소	제주 제주시 화삼로 107				33.5143764	126.5791822	33.5117687	126.5804734	0.3131212693324205
206	스타벅스 광주신안DT점	용봉신안고운하이플러스	광주 북구 서암대로 95-29				35.171908200000004	126.8957266	35.1714325	126.8949657	0.08712047115290492
207	스타벅스 대구평리DT점	평리청구타운아파트	대구 서구 서대구로 77	2000.03	605.0	"매매가18,700 - 36,000 (만원)
전세가13,200 - 25,000 (만원)"	35.8643945	128.5552829	35.8664101	128.555225	0.2237050648163208
208	스타벅스 수영강변DT점	아시아선수촌아파트	부산 해운대구 선수촌로 122 아시아선수촌아파트	2002.06	2290.0	"매매가26,500 - 53,000 (만원)
전세가18,000 - 32,000 (만원)"	35.2022194	129.12135890000002	35.2038182	129.1193574	0.2543263171806973
209	스타벅스 울산시청사거리DT점	삼환아르누보아파트	울산 남구 삼산로 87	2009.04	127.0	"매매가33,500 - 45,500 (만원)
전세가25,000 - 35,000 (만원)"	35.5353334	129.31711629999998	35.5372128	129.313549	0.38489166914385425
210	스타벅스 양주광사DT점	신도브레뉴8차아파트	경기 양주시 부흥로 1901	1999.09	400.0	"매매가13,000 - 22,500 (만원)
전세가10,500 - 18,000 (만원)"	37.7928979	127.0743041	37.7905323	127.0724205	0.31058864791375906
211	스타벅스 대전유천DT점	한사랑벽산아파트	대전 중구 계백로1615번길 12	1994.07	120.0	"매매가18,500 - 29,000 (만원)
전세가11,000 - 17,500 (만원)"	36.3198319	127.4001398	36.3182966	127.3982383	0.24120660430626967
212	스타벅스 포천DT점	세창선단마을아파트	경기 포천시 선마로 22	2001.05	398.0	"매매가14,500 - 15,500 (만원)
전세가8,200 - 9,500 (만원)"	37.8512571	127.168029	37.8484032	127.1616196	0.6469528783466256
213	스타벅스 경기광주송정DT점	금강펜테리움2단지아파트	경기 광주시 경안천로 145	2010.06	344.0	"매매가23,000 - 36,000 (만원)
전세가20,500 - 30,000 (만원)"	37.4183097	127.2748268	37.424435	127.2628415	1.2600385695262912
214	스타벅스 광주운남DT점	운남삼성아파트	광주 광산구 임방울대로 142-12	1996.12	1956.0	"매매가11,000 - 18,500 (만원)
전세가9,700 - 15,500 (만원)"	35.1730617	126.8198934	35.1751089	126.8180646	0.28167130577476396
215	스타벅스 부천심곡DT점	연화마을건영캐스빌아파트	경기 부천시 옥산로 16	1994.03	424.0	"매매가21,500 - 43,000 (만원)
전세가18,000 - 33,500 (만원)"	37.4950571	126.7816402	37.4929848	126.7843652	0.3331213477356449
216	스타벅스 용인김량장DT점	용인고림지구양우내안애에듀파크	경기 용인시 처인구 경안천로 112 고림지구 양우내안애 에듀파크	2018.04	737.0	"매매가29,250 - 39,750 (만원)
전세가21,500 - 27,000 (만원)"	37.242286	127.214716	37.239832	127.2104973	0.4629186580603937
217	스타벅스 대전판암DT점	인동어진마을아파트	대전 동구 계족로 65	2007.04	813.0	"매매가23,000 - 37,000 (만원)
전세가19,500 - 27,000 (만원)"	36.3213485	127.4423511	36.3170133	127.4536232	1.1207181609419685
218	스타벅스 여수둔덕DT점	한려아파트	전남 여수시 쌍봉로 316	1997.05	1026.0	"매매가10,500 - 19,500 (만원)
전세가7,500 - 11,500 (만원)"	34.766293	127.68933590000002	34.7689468	127.6974692	0.8006578749909742
219	스타벅스 고양DT점	푸른마을동익미라벨3단지아파트	경기 고양시 덕양구 푸른마을로 15	2004.06	958.0	"매매가19,500 - 23,500 (만원)
전세가17,000 - 21,500 (만원)"	37.7104362	126.9027104	37.7095394	126.9052947	0.24866687497124754
220	스타벅스 아산방축DT점	아산반도유보라아파트	충남 아산시 아산로 116-21	2016.03	650.0	"매매가17,500 - 19,250 (만원)
전세가15,250 - 16,750 (만원)"	36.7864968	126.9973473	36.7836376	126.99267	0.5243906266169315
221	스타벅스 울산정자비치DT점	블루마시티KCC스위첸	울산 북구 산하동 510-1	2019.04	582.0	"매매가31,800 - 43,500 (만원)
전세가20,000 - 27,000 (만원)"	35.62560089999999	129.4417267	35.6271636	129.4411289	0.18164481974241264
222	스타벅스 안성석정DT점	한빛마을우남퍼스트빌아파트	경기 안성시 중앙로 274-7	2007.11	486.0	"매매가23,000 - 36,000 (만원)
전세가12,500 - 24,300 (만원)"	37.0114375	127.2594124	37.0103421	127.2620805	0.26676668110384133
223	스타벅스 다대포DT점	다대동현대아파트	부산 사하구 다대로 473	1993.09	2181.0	"매매가15,000 - 34,000 (만원)
전세가11,000 - 22,000 (만원)"	35.0607098	128.97832150000002	35.0556365	128.9674986	1.1364665728187413
224	스타벅스 명지강변DT점	중흥S클래스에듀오션아파트	부산 강서구 명지국제5로 90	2018.02	750.0	"매매가31,500 - 45,000 (만원)
전세가20,500 - 26,500 (만원)"	35.0998348	128.928286	35.1026237	128.9294804	0.3280124122668799
225	스타벅스 송파나루역DT점	잠실리시온	서울 송파구 오금로 87	2004.05	476.0	"매매가22,500 - 40,500 (만원)
전세가18,000 - 28,500 (만원)"	37.5145732	127.1074043	37.5107662	127.1102915	0.4936470759254434
226	스타벅스 인천학익DT점	동아풍림아파트	인천 미추홀구 소성로 120	1999.11	1480.0	"매매가23,000 - 36,000 (만원)
전세가20,000 - 30,500 (만원)"	37.44276370000001	126.661524	37.440475	126.66275700000001	0.2764572294730286
227	스타벅스 제주외도DT점	가온체리티	제주 제주시 우정로 37	2005.12	46.0	월세 1	33.4893522	126.4312633	33.4923073	126.4271223	0.505492527656374
228	스타벅스 광주신가DT점	광주수완대방노블랜드5차아파트	광주 광산구 풍영로170번길 39-26	2011.1	545.0	"매매가60,000 - 74,000 (만원)
전세가38,000 - 50,000 (만원)"	35.18893989999999	126.8176403	35.1790794	126.8301383	1.5788023957787307
229	스타벅스 대구황금DT점	대구수성SK리더스뷰아파트	대구 수성구 동대구로 95	2010.09	788.0	"매매가92,500 - 189,000 (만원)
전세가60,000 - 115,000 (만원)"	35.83871	128.6230423	35.8390688	128.625797	0.2520421268695906
230	스타벅스 수원인계DT점	인계베스트빌아파트	경기 수원시 팔달구 장다리로233번길 4	2004.08	64.0	"매매가19,500 - 21,000 (만원)
전세가15,000 - 17,000 (만원)"	37.2707716	127.0261542	37.267942	127.0282099	0.36313169995812644
231	스타벅스 동두천DT점	동원베네스트아파트	경기 동두천시 이담로 89	2009.07	486.0	"매매가20,500 - 31,000 (만원)
전세가18,500 - 23,000 (만원)"	37.8891849	127.0588126	37.888925	127.0570663	0.15629782329150135
232	스타벅스 대전터미널DT점	효촌마을아파트	대전 동구 계족로368번길 11	2003.04	818.0	"매매가17,000 - 28,000 (만원)
전세가11,500 - 20,000 (만원)"	36.3455724	127.4345071	36.3477532	127.4342841	0.2428199877156041
233	스타벅스 수지성복DT점	수지LG빌리지1차아파트	경기 용인시 수지구 성복2로 86	2001.02	1164.0	"매매가75,000 - 98,000 (만원)
전세가50,000 - 64,000 (만원)"	37.3169439	127.075941	37.3140313	127.0791332	0.429604596640826
234	스타벅스 대구수성도서관DT점	메트로팔레스3단지아파트	대구 수성구 동원로 110	2003.01	878.0	"매매가41,000 - 72,000 (만원)
전세가33,000 - 51,000 (만원)"	35.8697984	128.638288	35.8727987	128.6389953	0.33897591648358144
235	스타벅스 동명대DT점	한신문화타운	부산 남구 유엔평화로 152-2	1990.1	330.0	"매매가19,000 - 40,000 (만원)
전세가14,000 - 32,000 (만원)"	35.1231035	129.09644479999997	35.1231425	129.098904	0.22420082626060422
236	스타벅스 의왕청계DT점	인덕원푸르지오엘센트로	경기 의왕시 안양판교로 100	2019.11	1774.0	"매매가101,500 - 123,500 (만원)
전세가59,000 - 80,000 (만원)"	37.39201729999999	127.0002808	37.3881077	126.9984271	0.46391998776404914
237	스타벅스 제주도남DT점	영도그린힐아파트	제주 제주시 대원길 13				33.4751501	126.53537	33.4803586	126.523452	1.2493201361648265
238	스타벅스 구미금오산DT점	푸르지오캐슬A단지아파트	경북 구미시 박정희로 599	2007.08	1878.0	"매매가15,800 - 41,500 (만원)
전세가15,000 - 32,000 (만원)"	36.1231603	128.3398733	36.1222364	128.3239723	1.4351349026461155
239	스타벅스 울산MBC DT점	번영로효성해링턴플레이스	울산 중구 번영로 435	2015.09	207.0	"매매가37,500 - 44,000 (만원)
전세가25,500 - 31,500 (만원)"	35.5649513	129.3389356	35.5616281	129.3323601	0.7009357903586653
240	스타벅스 제주중문DT점	제주중문남해오네뜨오션힐	제주 서귀포시 중문상로82번길 15	2016.11	290.0	"매매가25,700 - 29,900 (만원)
전세가17,000 - 21,500 (만원)"	33.2553905	126.4295446	33.254998300000004	126.41590590000001	1.2716426147371986
241	스타벅스 수원경수인계DT점	해피포트아파트	경기 수원시 팔달구 경수대로519번길 12-13	2004.01	19.0	매매 6	37.2731178	127.0279855	37.2705236	127.02756	0.2903743139309111
242	스타벅스 대구중동DT점	수성동삼익맨션	대구 수성구 신천동로 278	1978.12	100.0	"매매가15,000 - 23,500 (만원)
전세가10,000 - 16,000 (만원)"	35.8496807	128.6088181	35.846206	128.611414	0.4512571173900023
243	스타벅스 인천서구청DT점	연희극동늘푸른아파트	인천 서구 승학로 198	1997.08	998.0	"매매가17,500 - 26,000 (만원)
전세가15,500 - 19,000 (만원)"	37.540475	126.6739197	37.5424162	126.67636	0.3048442633010807
244	스타벅스 구미도량DT점	구미도량지구현진에버빌	경북 구미시 도봉로 10	2005.12	580.0	"매매가22,000 - 37,000 (만원)
전세가17,300 - 28,000 (만원)"	36.1402776	128.3147894	36.1383354	128.3168261	0.28292753906821216
245	스타벅스 전남광양DT점	광양e편한세상아파트	전남 광양시 시청로 62	2016.06	440.0	"매매가25,500 - 31,000 (만원)
전세가21,000 - 25,000 (만원)"	34.9397796	127.6968879	34.943108	127.69794399999999	0.3816468894162156
246	스타벅스 충주시청DT점	충주센트럴푸르지오	충북 충주시 연수서편2길 11	2018.1	608.0	"매매가30,000 - 34,500 (만원)
전세가25,000 - 27,000 (만원)"	36.990048	127.9322558	36.9901946	127.9286843	0.31836228198350147
247	스타벅스 수원망포DT점	그대가프리미어아파트	경기 수원시 영통구 덕영대로1484번길 21	2010.08	602.0	"매매가50,000 - 85,000 (만원)
전세가34,000 - 55,000 (만원)"	37.2443685	127.0543429	37.2458277	127.05134	0.3117894957391994
248	스타벅스 풍무사거리DT점	풍무대림아파트	경기 김포시 풍무로93번길 30	2003.09	575.0	"매매가25,000 - 28,000 (만원)
전세가18,500 - 21,500 (만원)"	37.6044863	126.7204362	37.6077784	126.7227423	0.4182970397849622
249	스타벅스 경주보문호수DT점								35.8532391	129.2686877	13450.771688590712
250	스타벅스 공주동학사DT점								36.36336	127.2535628	13262.463175830315
251	스타벅스 경주보문로DT점								35.8388242	129.2859021	13452.86761953798
